TSNE1,TSNE2,target
-43.93394,-36.38172,0
-18.16618,-2.7292438,1
5.112404,-17.671968,2
28.663795,5.1103954,3
-41.376953,4.408359,4
42.405552,13.540843,5
0.022567593,-40.242878,6
-12.746357,37.16908,7
7.6436777,-4.850455,8
42.501328,15.511162,9
-39.337696,-30.006224,0
-24.012487,2.8308773,1
27.739323,-27.29259,2
19.8345,14.550243,3
-42.181644,10.148301,4
8.981598,43.786808,5
5.8615227,-47.19148,6
-22.267275,36.079224,7
-1.5155132,-0.6180738,8
44.98325,10.690841,9
-30.974083,-35.800663,0
-22.132448,3.5459094,1
29.008226,-27.05995,2
22.800877,14.621915,3
-39.55391,4.05174,4
11.4915085,35.188026,5
-1.31761,-40.69911,6
-27.209694,32.570904,7
-0.6124382,-4.770079,8
44.918316,10.860247,9
-47.112583,-36.02002,0
45.025204,10.636523,9
19.805939,40.713936,5
9.420435,44.383415,5
3.1287425,-42.633038,6
10.669378,40.034462,5
-32.238934,-31.187656,0
41.081017,6.317121,9
-2.7417834,1.0966213,8
43.003635,23.27177,9
-0.40223336,-2.3123503,8
-43.364674,10.2570095,4
-23.760769,1.9333733,1
-24.508799,35.818687,7
-13.663395,39.539623,7
23.488207,9.138783,3
10.803114,39.33249,5
-21.357298,1.5480584,1
-37.80985,-37.15142,0
-34.328808,-40.276127,0
6.1321793,-18.047787,2
4.037581,-18.012768,2
-26.054478,33.036137,7
0.17608161,-5.7765737,8
3.6722445,-17.862188,2
-31.263668,-35.13653,0
-22.031168,2.3909366,1
5.014844,-17.795034,2
-1.8055925,-41.683052,6
20.254248,9.833904,3
22.99327,9.0858,3
-22.995407,36.317894,7
22.663956,9.607572,3
18.68817,14.741958,3
-42.492306,6.663052,4
0.2566586,-43.710762,6
8.957709,-49.290653,6
0.7879083,-58.555206,6
-43.954742,14.938356,4
-1.76659,11.005215,9
-20.54744,1.1343812,1
20.254164,41.41299,5
-31.611176,-36.967876,0
42.67631,12.734214,9
14.944665,30.09786,5
4.0602584,-18.364304,2
1.9579833,-2.3903017,8
3.1906128,-18.21366,2
-35.730503,-42.09032,0
-38.04379,-42.929886,0
-22.379374,2.5744092,1
-16.924198,38.62185,7
-0.040856495,-41.02778,6
17.91826,14.155936,3
32.982895,-22.078098,2
-22.621847,0.73581797,1
-27.615763,32.045086,7
-13.896286,0.14377142,4
1.131987,-42.02043,6
22.2142,10.0555725,3
-23.797447,1.9192396,1
17.864824,16.23777,3
37.116894,20.314259,9
-18.237602,-2.5190256,1
-20.376945,36.028965,7
-0.8341802,-38.383793,6
-3.8428543,-0.80603576,8
-40.27568,3.8866022,4
18.529354,14.920403,3
-11.771131,-13.510207,1
-40.36686,4.1264873,4
-30.859604,-38.41154,0
14.667026,32.549248,5
14.724608,16.324528,3
-1.5176152,-38.85318,6
45.92665,13.663123,9
1.9878205,-39.916996,6
-25.036703,3.2296193,1
-24.038889,35.951527,7
12.335909,35.157097,5
-45.970726,15.775794,4
-44.611843,14.469858,4
-19.786615,36.827747,7
21.950155,-19.21733,2
1.5696799,-4.688351,8
6.062448,-18.10933,2
6.459139,-18.151985,2
8.726906,41.542683,5
-23.00316,33.88188,7
47.12105,14.417663,9
14.767496,29.86818,5
-43.124622,14.173273,4
-1.766123,-3.5728498,8
3.0139499,-8.22449,8
-43.655327,10.362767,4
37.489803,14.354737,9
-31.818745,-36.524933,0
-3.8161163,0.6063048,8
33.103413,25.188995,9
-9.329985,-12.137901,8
-37.14455,-35.464275,0
-23.59265,7.4215174,1
36.138004,-19.230522,2
16.928102,15.545186,3
-36.17039,0.48730856,4
7.535357,42.611397,5
-4.8538465,-52.217617,6
-21.439966,38.581463,7
5.438959,-6.34765,8
44.820095,14.56707,9
-33.019768,-32.60352,0
-25.082045,4.7354875,1
25.288904,-18.536674,2
19.735073,15.996597,3
-37.622726,-1.4592371,4
9.5681925,43.06525,5
2.6149075,-46.390232,6
-21.847588,38.700043,7
5.1788197,-4.181178,8
41.48508,14.292479,9
-32.64315,-40.031437,0
-25.33292,5.773409,1
24.517561,-21.74605,2
16.883476,14.637553,3
-38.681923,-0.1627206,4
5.1473575,41.563084,5
0.8819466,-42.455433,6
-22.704437,42.431786,7
-0.31865185,-8.386727,8
43.629337,14.188294,9
-35.50459,-30.248629,0
44.033318,13.578182,9
9.155466,42.90836,5
6.55142,44.837784,5
-0.5679156,-57.923008,6
8.081655,40.66371,5
-40.550232,-33.26075,0
46.930183,16.156837,9
5.371348,-6.422765,8
45.338997,14.475289,9
-2.427507,-6.662125,8
-39.06663,-2.3624256,4
-23.658321,6.1206737,1
-24.72391,29.91113,7
-20.918596,30.231792,7
19.871895,12.224319,3
8.414008,44.026363,5
-24.669888,6.4708886,1
-39.310253,-42.98769,0
-30.42504,-34.77649,0
28.522543,-19.677101,2
26.717602,-18.727976,2
-20.369432,39.43062,7
3.9636204,-7.5037446,8
34.492264,-26.453897,2
-31.844563,-35.913597,0
-22.191757,4.536705,1
30.650726,-22.850807,2
1.4209051,-56.589596,6
19.889713,15.867206,3
17.981323,13.433269,3
-20.978395,44.60213,7
22.745043,14.990492,3
19.304852,13.317472,3
-41.024014,-0.40628356,4
0.32506287,-43.042656,6
1.4990927,-56.499836,6
-0.24791777,-56.24936,6
-41.73472,-2.4708395,4
42.624,14.63655,9
-25.024889,2.325661,1
8.092811,41.90739,5
-33.08686,-38.52226,0
39.18401,17.380693,9
5.963847,42.540237,5
24.322134,-21.792833,2
-2.419107,-6.5558033,8
26.754385,-19.508364,2
-31.874035,-34.680725,0
-31.195868,-38.416576,0
-23.956043,5.646707,1
-12.948434,44.347195,7
0.37075648,-58.64098,6
17.93111,14.245479,3
27.315313,-19.315336,2
-26.09283,2.1232274,1
-21.345179,43.569454,7
18.095839,12.052274,3
-25.284048,5.925264,1
18.774288,13.40236,3
39.20925,17.782038,9
-23.140541,4.268973,1
-24.724508,31.243938,7
2.1554587,-42.85715,6
3.4217389,-10.590415,8
-38.687977,-1.74145,4
17.16389,14.68014,3
-24.571297,2.7342672,1
-38.59677,-1.165365,4
-38.33741,-43.368744,0
8.613959,40.858078,5
-17.159115,23.446781,3
-3.015237,-49.01968,6
43.123806,13.881101,9
-2.850794,-53.849487,6
-23.800049,5.0334196,1
-18.050417,42.355057,7
8.650463,38.887474,5
-41.790127,-2.39132,4
-38.305584,0.106970124,4
-21.7705,43.063034,7
35.14864,-26.276134,2
-0.0069781863,-7.5336385,8
37.3007,-19.584225,2
28.249441,-19.714037,2
7.3208437,42.97926,5
8.025513,42.939213,5
-38.231598,0.9790606,4
2.1426113,-7.259128,8
3.1687365,-8.066953,8
-37.731785,-1.3590462,4
42.962616,16.9717,9
-32.615288,-37.430016,0
3.3652341,-10.490138,8
40.74011,16.794546,9
2.0032012,-5.067946,8
-39.70691,-29.415508,0
-10.257477,-9.41349,1
31.100784,-19.60998,2
28.829638,4.783781,3
-44.99335,14.027875,4
21.907509,37.140686,5
-2.3607616,-54.559082,6
-26.646833,23.59836,7
11.939217,1.0745043,8
-10.052065,18.440643,9
-37.632824,-40.704346,0
-24.643654,-0.25272158,1
31.20767,-20.061277,2
26.257837,9.120607,3
-44.75921,12.155037,4
12.782203,40.141624,5
-0.48762995,-53.693443,6
-17.847294,39.723915,7
2.8211272,2.3795693,8
-10.060911,19.764881,9
-38.71039,-34.53639,0
-24.113754,-2.0231838,1
34.305836,-17.632505,2
28.889887,6.7519617,3
-47.02183,13.340373,4
21.916416,38.129627,5
-0.76010144,-58.12215,6
-26.932167,23.019531,7
3.1471314,2.5322292,8
39.55538,22.416454,9
-40.311565,-29.6122,0
47.543663,15.497354,9
21.217678,37.429115,5
24.268085,30.417511,5
2.1988142,-50.34944,6
26.70866,30.048035,5
-46.880272,-34.144325,0
37.36853,26.122814,9
10.550241,-6.529425,8
45.272224,25.997948,9
6.4207454,2.4774897,8
-44.822693,9.2468195,4
-6.802626,-13.273047,1
-18.581226,40.436375,7
-21.559177,29.421064,7
26.294758,9.604189,3
20.048632,37.33919,5
-9.476386,-7.461031,1
-38.104084,-37.19775,0
-39.113426,-36.610935,0
36.351845,-18.032417,2
28.182045,-18.510368,2
-25.9365,30.342361,7
11.78444,1.762766,8
30.442673,-19.871159,2
-39.137833,-35.956867,0
-25.818396,2.1711917,1
33.6027,-20.041111,2
-5.5437,-56.091396,6
28.232466,3.751906,3
25.249748,10.153691,3
-27.693377,22.307758,7
28.53361,7.963324,3
27.780579,7.8750386,3
-45.72971,11.996046,4
1.2689991,-53.327793,6
1.2691883,-53.188473,6
6.469792,-51.670467,6
-48.765213,12.364923,4
-11.659577,19.028479,9
-11.028001,-11.252379,1
31.680481,-6.088548,5
-37.545876,-34.58138,0
-10.326946,19.63752,9
21.12219,37.456623,5
30.112724,-20.23074,2
11.446385,-0.36892608,8
35.364216,-17.573994,2
-38.610134,-29.687351,0
-38.03561,-33.858406,0
-24.322397,-1.5879896,1
-20.942808,35.296997,7
2.3916085,-43.485836,6
26.406467,9.1595125,3
28.726727,-18.050983,2
-24.698977,-0.9402374,1
-21.17456,36.215942,7
-44.842052,12.119517,4
-3.5849738,-55.378483,6
24.974495,9.096261,3
-10.915317,-8.471191,1
27.024614,3.81646,3
-10.290417,18.959425,9
-12.915271,-11.164161,1
-20.473001,41.239273,7
2.1798768,-49.87466,6
4.107801,-0.07060324,8
-46.104683,7.260295,4
27.05364,3.4965987,3
-13.982962,-8.664473,1
-40.580444,14.817731,4
-36.57944,-38.744995,0
24.282858,35.07537,5
29.853634,7.747487,3
-0.6818459,-54.306194,6
-11.086633,19.452309,9
1.7247732,-52.709953,6
-7.871056,-14.696591,1
-23.526966,41.89243,7
21.145481,39.68325,5
-47.37468,2.586815,4
-44.538113,9.926686,4
-21.04067,36.118885,7
30.981306,-19.079668,2
8.934695,-1.4956169,8
35.559963,-17.316118,2
35.53018,-21.066214,2
24.624762,30.90563,5
-22.515312,30.680614,7
-23.302654,14.230124,9
6.8874474,41.866867,5
-46.817284,12.057181,4
14.216274,-1.9450368,8
6.606338,2.6806042,8
-43.186325,10.25456,4
-24.189056,13.937831,9
-37.15042,-39.025948,0
2.992718,2.310878,8
-10.648391,18.727478,9
20.751913,10.992328,3
-36.62939,-43.472248,0
-20.866522,6.9983687,1
29.452162,-26.828247,2
24.631073,10.97889,3
-41.87953,-1.3143646,4
17.644375,38.1814,5
-2.9048338,-47.343513,6
-25.201176,20.699717,7
9.450402,3.3032284,8
33.344666,25.414186,9
-38.42097,-42.29446,0
-18.68215,2.4884913,1
26.922155,-26.240225,2
30.781668,2.316979,3
-52.617718,8.98282,4
15.875473,38.390583,5
-2.4302182,-47.41584,6
-26.043795,21.547781,7
0.5031841,-0.4874783,8
46.42057,17.086485,9
-32.99928,-37.997055,0
-20.10254,3.8270242,1
31.694988,-25.239157,2
36.893654,6.110621,3
-41.07745,0.2348473,4
16.362337,38.144672,5
-0.79826033,-46.96585,6
-27.093803,21.613647,7
7.77918,5.3617225,8
46.583847,17.145582,9
-33.831158,-30.260641,0
44.59188,17.38698,9
18.439703,38.468822,5
16.568542,38.994205,5
-1.8466434,-47.588486,6
30.421913,26.848036,5
-36.60861,-44.67873,0
44.105434,18.301558,9
7.7689037,0.5636777,8
43.623962,21.58176,9
8.878023,0.51480633,8
-39.714912,1.7429322,4
-21.374575,3.4631755,1
-25.661928,20.696848,7
-25.353912,23.476072,7
32.93129,2.6082945,3
16.52592,37.559376,5
-18.91139,2.326788,1
-38.109055,-42.632664,0
-33.86015,-39.415512,0
25.348278,-32.176826,2
30.706446,-24.859503,2
-25.284817,20.761297,7
11.6359415,4.2975388,8
30.25988,-24.754938,2
-42.86662,-39.125557,0
26.560947,-38.45291,1
27.475218,-25.56312,2
-4.796804,-47.719955,6
33.37095,2.3821642,3
29.928843,0.94319856,3
-28.09413,21.38109,7
29.079885,0.928012,3
30.063658,1.2117462,3
-42.33488,0.5262785,4
-0.51717436,-47.1931,6
-2.7654498,-48.07612,6
-0.34815994,-47.37148,6
-40.757957,0.49995112,4
42.959076,21.668373,9
-21.583843,4.062177,1
18.929401,36.64329,5
-36.92561,-31.800467,0
43.860195,18.499651,9
16.65493,38.417812,5
29.993288,-26.87811,2
8.575537,1.809086,8
31.752771,-24.232727,2
-44.067955,-38.339813,0
-34.284557,-41.725075,0
-19.009928,1.7117183,1
-26.793985,20.482439,7
-1.8641639,-43.424046,6
30.42949,1.5629326,3
33.167828,-25.569492,2
-18.913784,1.177407,1
-23.038197,24.266066,7
-39.28364,3.5770526,4
2.1478274,-46.778717,6
30.141853,1.8548903,3
-22.974493,2.4572423,1
40.826103,6.0216036,3
43.476025,19.586733,9
-19.415617,3.5114226,1
-11.451576,17.792526,7
0.0090356255,-48.106007,6
10.57472,-3.1875594,8
-42.555656,0.3956514,4
28.85521,3.2162385,3
-19.006796,2.8223214,1
-40.103462,0.7881236,4
-34.74154,-43.72144,0
15.389473,41.788055,5
31.647917,1.454307,3
-0.40624452,-46.062424,6
44.164127,18.348372,9
-5.8360796,-39.680897,6
-20.427479,3.8966963,1
-27.58203,21.75494,7
15.155361,40.84009,5
-39.268764,2.706915,4
-40.822353,1.1040654,4
-25.502218,21.479013,7
32.728714,-23.613295,2
12.947756,-0.035145372,8
32.309933,-24.863375,2
-54.881805,5.8804026,2
10.52243,36.445328,5
-23.054152,24.204456,7
43.62975,19.915483,9
16.243237,37.370655,5
-39.57233,3.128164,4
7.163518,0.088642225,8
6.242447,0.7040226,8
-41.90436,-1.672896,4
34.92884,23.325699,9
-40.016735,-35.071117,0
9.805173,2.150376,8
43.318058,19.91935,9
8.881979,0.83731014,8
-40.626957,-33.020435,0
23.678562,-36.97579,1
23.50504,-29.779484,2
21.219963,-3.3545902,3
-51.577354,11.791392,4
22.2566,35.70826,5
-2.8327868,-43.878105,6
-13.192257,44.29615,7
3.2257035,-14.949237,8
33.895035,19.517673,9
-40.268085,-36.459953,0
25.954056,-37.284176,1
21.039997,-13.465696,2
19.969023,-2.5299797,3
-50.316303,13.867971,4
27.082602,37.696922,5
-5.705677,-46.42501,6
-14.523442,38.58641,7
5.263373,-13.103194,8
34.284298,20.91442,9
-42.23166,-32.091167,0
24.877867,-39.421318,1
27.712973,-32.03925,2
18.917814,-3.4860625,3
-51.79043,7.801139,4
25.173504,37.92548,5
-3.779671,-44.993645,6
-25.466492,29.524212,7
6.2260704,-12.814254,8
34.54385,17.470146,9
-41.16651,-32.46556,0
3.8717837,0.24527346,9
19.427582,40.192707,5
26.765823,36.003197,5
-4.9152546,-43.369713,6
26.166645,36.437943,5
-41.224926,-40.821747,0
32.517395,24.48278,9
3.3545132,-14.489523,8
33.46681,18.35625,9
6.0062466,-13.531092,8
-50.04696,10.976495,4
23.497744,-39.116875,1
-22.960121,35.027203,7
-15.009462,37.99556,7
21.082674,-3.13145,3
25.108387,37.66546,5
23.180464,-40.410954,1
-36.859142,-36.55521,0
-41.005512,-44.36098,0
29.597542,-9.014713,2
27.701483,-33.17776,2
-13.752972,41.786083,7
6.905807,-13.783123,8
24.99326,-28.577515,2
-39.56803,-30.995865,0
25.153263,-38.418472,1
27.752588,-33.16153,2
-5.8329835,-41.940815,6
22.399057,-4.7584076,3
24.72209,14.942915,3
-25.347555,28.056087,7
18.962801,-2.212015,3
20.287619,-3.3348536,3
-47.97047,10.998455,4
-6.064822,-44.118546,6
-3.6364486,-43.715805,6
-6.127176,-46.30923,6
-50.522102,13.568195,4
34.74027,21.633684,9
22.853825,-39.38362,1
23.698477,37.57247,5
-35.432236,-34.166676,0
41.07127,27.015976,9
26.412678,36.777367,5
25.568542,-32.969467,2
6.408103,-14.230258,8
31.543152,-19.785654,2
-41.39253,-38.485966,0
-41.265224,-31.940245,0
23.301655,-40.441402,1
-15.77343,40.024673,7
-6.0970917,-44.203003,6
22.558943,-5.1884346,3
27.995897,-35.487774,2
23.603247,-40.164524,1
-15.410104,38.804302,7
-51.876373,11.566204,4
-5.7988477,-41.728092,6
20.031158,-4.1709223,3
24.34345,-40.424274,1
19.264421,-3.2279217,3
33.71439,18.801882,9
22.500341,-39.821262,1
-19.448675,39.359737,7
-3.2346616,-43.989338,6
5.8603945,-13.636269,8
-51.121616,10.478494,4
20.611103,-2.5648577,3
-4.509405,-11.524496,1
-51.08231,11.254185,4
-42.971516,-31.507727,0
28.515882,37.337334,5
20.488935,-2.6080117,3
-2.8693185,-43.330276,6
33.599392,18.44032,9
-5.4387646,-42.58548,6
23.420214,-35.744335,1
-17.327063,38.62332,7
23.498869,37.76807,5
-53.284813,6.877464,4
-46.877342,10.042027,4
-15.926781,43.458626,7
27.175035,-33.655468,2
3.0630138,-14.141588,8
30.557915,-20.635338,2
26.827263,-33.589752,2
20.833128,35.722416,5
-14.630634,37.980343,7
44.94318,21.341116,9
25.816961,39.14594,5
-52.290436,12.150623,4
3.4353008,-15.116318,8
5.9747896,-14.303348,8
-51.197113,12.529863,4
35.98087,24.255474,9
-40.507153,-34.21147,0
6.100869,-14.105096,8
47.467857,17.676538,9
3.6055503,-14.565246,8
-36.940155,-29.45048,0
-8.233103,-9.642419,1
27.733576,-15.516462,2
26.889765,10.597527,3
-38.98158,-0.054432977,4
18.558134,34.70335,5
2.9956644,-54.40004,6
-15.168689,37.235245,7
10.051062,-2.4380574,8
-28.081362,15.617129,9
-46.195908,-31.721258,0
-6.8592844,-12.96775,1
25.94533,-15.303896,2
27.77251,11.835287,3
-39.426147,-0.688335,4
11.428303,34.36984,5
1.2297909,-54.842342,6
-25.473742,27.624762,7
7.518946,-2.240909,8
-24.848984,13.2741,9
-36.42743,-29.68133,0
-7.637111,-13.2513485,1
27.715006,-16.929016,2
27.167326,9.765533,3
-38.003338,2.2802022,4
11.08374,34.456127,5
1.1087195,-55.084167,6
-29.049654,20.467367,7
9.978849,-2.6199048,8
-24.045275,13.212346,9
-37.89501,-33.680088,0
-25.0311,12.882453,9
18.066063,29.334696,5
8.80955,36.116085,5
-0.3739823,-57.095337,6
10.453602,34.98639,5
-38.377144,-41.857548,0
-23.008852,12.495992,9
6.2217617,-1.7310048,8
-24.532076,12.9327965,9
6.5118384,-1.5433053,8
-36.942253,0.86671036,4
-8.349044,-4.7970204,1
-28.92936,18.065825,7
-24.73178,16.58809,7
13.613955,6.6506014,3
10.294873,36.105633,5
-8.322069,-4.850191,1
-33.325268,-34.57785,0
-38.492176,-32.166092,0
24.037264,-15.823109,2
25.34648,-15.68101,2
-26.518652,30.55315,7
5.6254835,-1.3857657,8
22.867691,-14.887357,2
-31.144201,-33.79138,0
-11.971629,-6.934818,1
22.90715,-14.960403,2
0.99832106,-58.08638,6
26.786606,11.669103,3
28.0208,10.410318,3
-26.841143,29.68439,7
28.675852,11.776142,3
26.988827,8.369991,3
-40.12424,10.377876,4
-2.8613129,-55.95875,6
3.8456395,-52.711277,6
-3.072181,-58.284267,6
-39.489155,0.19014041,4
-24.231789,13.057124,9
-7.6558685,-11.260244,1
18.579079,30.70645,5
-33.107346,-34.01347,0
-24.47627,10.686577,9
18.479269,30.561996,5
24.610655,-16.045282,2
12.947574,0.4687557,8
25.893965,-15.176922,2
-36.234783,-31.251982,0
-37.280006,-34.906097,0
-11.898008,-6.584214,1
-27.054535,30.532362,7
0.6512288,-54.672035,6
27.841326,11.083132,3
37.085377,-16.219158,2
-8.8956995,-14.658131,1
-28.86861,20.293438,7
-39.467514,-0.20231818,4
8.949549,-49.674892,6
28.722065,11.179966,3
-7.765994,-15.2079935,1
26.241508,1.5939249,3
-24.456299,11.79103,9
-7.138849,-11.155136,1
-27.676954,30.360966,7
-3.2402606,-55.380157,6
4.5589685,-3.2768815,8
-51.025833,12.016408,4
26.31082,1.6376468,3
-8.037632,-10.9601345,1
-33.651703,28.829365,4
-33.96017,-37.11723,0
23.234959,31.501253,5
27.623966,8.872981,3
6.969012,-48.362164,6
-25.407393,14.086318,9
6.928824,-48.206123,6
-8.338431,-9.980153,1
-27.763247,30.438606,7
11.113677,37.154236,5
-54.319912,6.061391,4
-32.989494,18.493935,4
-28.245275,30.638195,7
26.615122,-16.729279,2
1.614552,-0.42128548,8
26.220335,-16.527332,2
27.139439,-16.625658,2
8.41532,35.02925,5
-16.400171,38.583023,7
-25.93878,15.057117,9
4.6313295,41.437164,5
-52.601704,6.410383,4
11.236268,0.09709441,8
3.599785,-2.4094818,8
-33.673042,28.76995,4
-28.088497,15.533547,9
-34.015755,-33.843273,0
9.628984,-2.8338265,8
-23.175955,13.30464,9
4.6344304,-1.6389407,8
-46.509705,-38.430397,0
-13.825269,-9.501002,1
35.074768,-19.26116,2
25.676579,2.3095427,3
-51.116886,6.1245904,4
11.5002165,41.942207,5
-8.77693,-53.043964,6
-20.64941,34.48744,7
18.837414,-11.437691,8
46.391003,18.522255,9
-42.202007,-43.179523,0
-14.448921,-7.589148,1
36.353374,-21.01608,2
26.98739,5.8715634,3
-48.77251,6.428558,4
6.9016123,40.168526,5
-9.360124,-53.416462,6
-18.54233,39.450237,7
-20.900698,0.30530956,8
31.211134,22.894053,9
-40.81604,-29.345402,0
-12.134161,-7.640579,1
38.00157,-17.657598,2
26.440878,5.2735987,3
-52.615185,1.5101943,4
7.039714,41.138996,5
0.42791125,-46.470127,6
-19.82038,39.910206,7
3.0411682,-4.0904236,8
48.242935,17.38296,9
-39.664093,-35.985638,0
32.5698,25.528666,9
12.986908,39.735752,5
9.795996,36.707527,5
-6.85484,-54.149643,6
12.073606,41.31495,5
-39.78335,-35.22388,0
22.47595,-3.9981418,9
13.339912,2.3361573,8
35.455402,23.860413,9
11.42683,6.0584526,8
-47.051037,5.5299306,4
-4.5197196,-9.767088,1
-20.058596,42.438007,7
-21.01821,33.94695,7
23.096523,4.6639194,3
10.397633,37.248558,5
-6.4777017,-9.611186,1
-36.53889,-28.095306,0
-38.74625,-28.885658,0
27.016256,-19.100363,2
38.76395,-19.09425,2
-21.05509,43.52006,7
11.012984,6.541735,8
37.317238,-17.093369,2
-46.043247,-35.785656,0
27.279596,-37.52458,1
34.670856,-24.455467,2
0.87874615,-44.41059,6
22.783487,4.6013904,3
22.506458,4.424606,3
-20.362114,38.590664,7
22.589216,13.247712,3
22.119658,12.665185,3
-49.01316,7.923975,4
-0.66733783,-45.838543,6
-6.935496,-54.28336,6
-9.026818,-52.97166,6
-50.42087,6.7578526,4
47.88838,17.619297,9
-7.621199,-6.5840487,1
12.522096,38.995182,5
-34.544216,-32.18617,0
41.23962,17.864614,9
10.016438,40.479015,5
39.254112,-17.854946,2
2.1980636,-5.900427,8
38.90406,-19.995739,2
-33.123737,-31.358862,0
-43.668648,-37.594097,0
-6.6232047,-14.209386,1
-20.859161,38.062508,7
-4.449116,-50.439808,6
24.947578,7.650655,3
23.078175,-23.232166,2
-9.4065,-9.206191,1
-23.870222,31.250757,7
-45.558395,4.6961637,4
1.0772777,-47.432877,6
26.438335,4.077393,3
-10.511131,-10.640252,1
23.651709,7.9417105,3
32.56625,24.701443,9
-11.351472,-10.957927,1
-20.617239,42.073387,7
-2.185311,-50.501663,6
18.766079,-11.366173,8
-53.500877,1.5955595,4
23.197527,5.98842,3
-12.075291,-9.28441,1
-48.234203,1.049179,4
-44.10398,-36.57507,0
14.86454,40.896038,5
21.153545,7.4348683,3
3.2395263,-42.092403,6
47.108673,16.52039,9
-0.99423885,-56.224007,6
-8.723942,-6.204605,1
-21.408401,39.545795,7
7.5065055,40.984432,5
-50.65571,6.9479194,4
-47.424408,5.87296,4
-20.589672,38.340652,7
39.3965,-17.97198,2
8.33901,7.569533,8
-17.970781,23.809198,2
26.64029,-17.502995,2
13.32478,41.387077,5
-16.726677,41.148136,7
33.973427,23.390837,9
7.0820208,40.656536,5
-51.818714,1.5457956,4
8.56266,7.4144845,8
29.989847,-0.4287835,8
-51.61375,1.315,4
34.062946,23.18128,9
-42.46679,-33.71813,0
7.853002,7.6668024,8
33.72336,25.476812,9
18.60705,-11.423538,8
26.6548,-37.690598,1
34.156803,-18.568874,2
33.712517,6.875992,3
-44.389355,5.325258,4
23.172314,37.735207,5
-1.756088,-56.574036,6
-19.142466,27.774454,7
11.630018,-1.6977298,8
48.384426,21.613476,9
-41.836098,-40.13612,0
26.10339,-38.09613,1
38.82833,-21.061928,2
33.948788,4.151902,3
-53.170242,1.299562,4
28.831709,35.4935,5
-1.8768488,-58.243004,6
-17.117954,30.250944,7
12.674285,-2.022536,8
45.608994,23.079308,9
-41.658173,-39.80632,0
27.654867,-37.99985,1
34.022686,-21.086855,2
30.324308,4.2639384,3
-40.031178,7.53563,4
31.429438,33.282875,5
-3.5588162,-56.740707,6
-19.406734,29.168653,7
12.556242,-2.945297,8
46.77952,22.695566,9
-40.27119,-38.6639,0
40.041813,23.619652,9
28.90315,34.008022,5
24.458906,36.593887,5
-0.60032487,-51.9848,6
30.494286,35.273373,5
-43.310703,-39.767395,0
47.08335,19.967844,9
11.686117,-1.8857787,8
46.283527,21.339603,9
9.57619,0.40270022,8
-38.493523,14.151744,4
23.380945,-36.13083,1
-17.72318,30.902836,7
-21.553242,27.008642,7
34.418858,2.779719,3
31.118431,35.692986,5
24.581316,-37.109463,1
34.542374,-21.58439,2
-17.489313,30.453583,7
13.012419,-1.7506073,8
24.622402,-32.699,2
-43.413734,-37.825893,0
24.823313,-37.580856,1
25.776855,-29.121216,2
-1.8415796,-56.8569,6
33.013844,5.6463346,3
34.013634,3.8690841,3
-18.584381,29.059092,7
34.888184,7.4354277,3
35.93638,5.032926,3
-39.654858,7.6342254,4
-0.7945914,-51.361393,6
-1.1063398,-52.816807,6
-1.6224462,-55.624084,6
-39.956524,7.555281,4
48.27455,21.102476,9
23.791485,-36.361412,1
24.67925,36.490623,5
-43.075386,-40.593987,0
47.86834,21.726305,9
28.302109,34.615837,5
25.462336,-29.869205,2
10.670031,-0.053196277,8
24.580757,-32.70977,2
-46.5138,-38.4205,0
-38.854725,-40.371593,0
24.021173,-37.26521,1
-19.741278,31.89878,7
-2.0066519,-55.684086,6
35.618324,7.581641,3
37.782112,-21.950867,2
26.46308,-37.647133,1
-54.213345,2.4647677,4
5.569221,-48.73897,6
33.51965,6.7703595,3
24.446161,-37.09071,1
36.72387,6.10701,3
47.173435,19.9102,9
25.110216,-36.3025,1
-18.382744,28.899403,7
0.21268243,-50.77044,6
12.428826,3.4945753,8
-35.72404,15.363158,4
33.87807,3.4976225,3
24.265053,-36.158146,1
-36.938442,13.102077,4
-43.793827,-39.237415,0
22.106056,40.115707,5
35.787376,4.9610744,3
-2.8547373,-54.911232,6
45.703808,23.492256,9
-3.7686837,-53.585354,6
25.36385,-37.66499,1
-26.324057,23.59402,7
29.600441,34.16334,5
-43.762585,5.493105,4
-36.866776,14.632544,4
-18.403633,31.166145,7
28.82687,-26.635475,2
12.8372345,-3.1050878,8
24.387127,-30.02665,2
35.98928,-22.432135,2
29.652306,34.104935,5
-19.3492,30.797438,7
40.092907,23.572157,9
25.040415,40.372013,5
-28.321419,20.260487,4
-36.847767,15.423456,4
35.069508,16.951021,9
-43.20345,-41.133423,0
12.483593,1.88892,8
45.098198,23.32634,9
10.996344,-1.7561047,8
-42.55892,-34.983463,0
-7.3128204,-6.428863,1
32.89611,-21.978384,2
31.517511,11.176712,3
-37.02672,15.220196,4
9.589045,34.291054,5
-3.5740862,-55.999584,6
-18.774446,32.2166,7
2.9564486,3.781444,8
36.03732,11.30714,9
-35.134235,-39.300156,0
-7.9276567,-8.084622,1
28.215376,-28.949982,2
31.892385,11.119987,3
-33.382454,18.047464,4
18.214596,40.916603,5
-5.4753194,-54.365353,6
-18.535412,31.038813,7
-0.39286214,2.5518682,8
41.562027,9.486751,9
-32.364323,-42.480457,0
-12.767375,-10.387456,1
24.552677,-30.003775,2
30.426737,11.817483,3
-39.995396,13.727281,4
20.176876,36.568775,5
0.31146863,-51.79717,6
-16.597944,32.994934,7
12.3055315,-8.490652,8
28.965963,32.312134,9
-40.581768,-39.822227,0
36.77008,27.352072,9
14.861267,34.82518,5
8.472723,32.816833,5
3.0954924,-43.826073,6
14.796596,34.878513,5
-33.47476,-40.010586,0
41.90849,9.271619,9
12.654673,-7.0143943,8
36.959427,27.041817,9
3.745311,-6.337537,8
-33.47459,17.92663,4
-6.176952,-8.052291,1
-16.179451,31.44002,7
-19.134924,34.847855,7
28.540203,13.517813,3
20.761234,39.434082,5
-11.899915,-11.420289,1
-30.998947,-41.47672,0
-30.64995,-42.023834,0
-15.855467,32.000328,7
-0.44894096,2.551264,8
23.663633,-28.85819,2
-42.07392,-44.082493,0
-8.669408,-13.813771,1
24.878881,-29.1672,2
-1.4123002,-43.02673,6
29.816706,-8.76289,3
26.712807,13.7990055,3
-14.247648,30.17593,7
31.025553,9.639975,3
29.971811,13.003426,3
-39.364418,14.594328,4
3.5522861,-54.312984,6
4.961862,-49.240982,6
9.416392,-51.281597,6
-9.117907,19.740795,4
41.327873,9.648088,9
-13.364595,-10.365998,1
19.14094,33.10394,5
-40.840225,-38.920662,0
1.7282617,4.7207866,9
8.369126,37.02072,5
26.684607,-26.098839,2
12.191254,-7.1650586,8
22.572847,-28.706234,2
-42.449524,-44.608585,0
-41.259266,-44.515957,0
-9.854653,-12.798033,1
-15.768108,42.033638,7
9.421741,-49.641434,6
31.398232,12.413907,3
26.295963,-30.117805,2
-12.938529,-9.7342615,1
-14.187281,30.159536,7
-40.06084,14.102133,4
8.679426,-50.36571,6
31.522945,12.437174,3
-6.0390553,-7.3026457,1
-16.60118,23.153147,3
42.518906,9.125985,9
-11.144586,-8.627112,1
-17.56018,32.497437,7
5.8655972,-52.14067,6
11.750606,-7.0487256,8
-40.623764,14.383343,4
31.813782,12.506875,3
-11.049175,-12.869808,1
-43.22347,12.413481,4
-42.64651,-34.52376,0
13.722009,33.150578,5
30.358118,13.529579,3
-1.3723431,-39.767544,6
38.853333,13.947724,9
-1.7182313,-53.558212,6
-11.256755,-11.959914,1
-25.758394,25.000832,7
19.58234,32.509476,5
-43.263573,8.2324,4
-38.28023,14.735519,4
-19.251602,41.110275,7
35.416786,-22.977413,2
2.1178265,4.1119795,8
28.174786,-28.788887,2
24.062218,-33.267765,2
9.079862,33.889835,5
-25.697859,24.89613,7
38.365498,15.481288,9
19.187819,32.40406,5
-43.053875,11.711054,4
14.663974,-6.9187927,8
9.532682,-7.2353563,8
-41.432835,14.227792,4
43.1347,8.908503,9
-40.588287,-41.402004,0
12.203146,-9.164659,8
37.875557,14.2578335,9
12.257466,-8.80292,8
-40.382584,-37.828293,0
-19.896317,1.0250165,1
35.546658,-20.169575,2
30.349064,10.006177,3
-43.7672,11.267469,4
23.228397,30.189562,5
-4.343495,-56.470436,6
-13.965326,41.269867,7
31.46604,-6.126245,8
42.908722,17.220898,9
-43.41498,-35.342052,0
-20.829632,1.5326896,1
25.837152,-28.807613,2
27.218456,13.642853,3
-44.989773,4.63518,4
23.274963,31.492727,5
-4.104577,-42.574657,6
-23.413742,32.364967,7
-3.4925354,-0.6876977,8
10.539971,-53.545235,9
-44.423733,-35.105576,0
-15.751619,-1.2018869,1
28.86787,-16.301027,2
32.35344,13.164869,3
-49.388695,11.222296,4
6.6940045,43.080368,5
5.8591833,-49.175533,6
-25.6673,28.62119,7
-2.6595342,-1.2202957,8
42.798073,17.054543,9
-45.1136,-31.900385,0
41.538647,25.545328,9
22.042618,30.47342,5
13.818934,41.675514,5
9.472019,-51.50035,6
10.619141,42.287415,5
-46.989674,-34.927223,0
38.830017,24.38522,9
0.59024173,5.629201,8
41.605137,26.340052,9
-2.3081772,1.2178047,8
-44.160725,5.2025547,4
-8.495819,-7.861264,1
-14.5459175,42.50868,7
-14.157964,40.254044,7
9.933707,16.449713,3
19.060232,30.570015,5
-16.698698,-0.6231245,1
-48.184273,-35.47322,0
-47.35612,-35.04216,0
28.623121,-21.84885,2
27.46193,-16.853886,2
-16.50153,39.252037,7
-0.9496343,10.990423,8
36.94366,-17.562012,2
-44.64143,-31.965698,0
-15.043728,-11.061014,1
29.866335,-20.944725,2
8.805392,-53.148407,6
32.49694,13.53846,3
20.405193,11.263898,3
-12.991771,41.07816,7
23.491179,14.402774,3
21.358038,15.723413,3
-46.157818,2.6563442,4
4.632041,-49.53913,6
-0.52256376,-44.037674,6
-0.8714706,-43.75165,6
-42.242992,10.939394,4
41.98397,14.706207,9
-10.178243,-12.471969,1
10.093392,35.309483,5
-46.051685,-32.25544,0
38.63575,18.770561,9
22.412346,30.3464,5
33.287937,-18.680288,2
0.7546083,5.3759937,8
23.26999,-23.465094,2
-46.107327,-31.855854,0
-44.8304,-32.042572,0
-13.24572,-9.629515,1
-14.422068,42.317917,7
3.2233956,-49.07811,6
18.194397,16.153193,3
29.974268,-17.46531,2
-15.710475,-0.8966171,1
-15.585404,43.23342,7
-43.675316,7.561349,4
4.5097885,-49.391804,6
21.560919,10.259693,3
-10.525064,-11.655993,1
31.412169,-6.1080527,3
41.283405,26.750889,9
-10.468276,-11.904504,1
-17.24296,39.82365,7
6.54339,-51.0345,6
-1.1363637,-0.90460503,8
-43.616863,8.785259,4
25.074785,7.4604635,3
-9.851297,-13.906283,1
-46.270985,7.0261254,4
-36.368023,-33.7791,0
5.925437,44.108356,5
18.119982,16.712978,3
-0.54168904,-44.722538,6
38.486713,19.258976,9
9.75478,-52.278088,6
-13.308611,0.29428753,1
-13.512102,42.31599,7
8.408099,39.488308,5
-46.82741,4.358454,4
-37.888645,13.785114,4
-25.207237,30.320578,7
37.481125,-16.992786,2
30.271563,-8.399562,8
36.219925,-16.983854,2
31.52683,-7.5575686,2
4.5027533,41.469246,5
-24.044233,29.570976,7
38.86252,18.755625,9
7.424343,44.82412,5
-43.216824,6.5368905,4
-3.128752,-1.5987201,8
-1.2332149,0.4140455,8
-46.201958,15.722469,4
39.144375,21.794394,9
-46.81059,-31.669983,0
-2.0406728,-2.0676486,8
37.391396,26.259468,9
-1.3773504,-1.6045456,8
-32.318157,-42.546257,0
-18.642782,6.118462,1
23.386446,-27.963892,2
19.814232,17.23877,3
-47.406853,0.73293334,4
25.90753,34.439148,5
10.106878,-53.178604,6
-15.447545,46.085445,7
2.4352758,-3.2260313,8
46.581985,24.28172,9
-35.43587,-35.01966,0
-16.215889,-1.0110025,1
23.70015,-34.31805,2
25.963396,13.594753,3
-47.444046,0.18724892,4
24.085842,41.517204,5
7.013552,-50.618233,6
-21.421204,33.610245,7
31.485374,-7.5276814,8
42.497555,25.185345,9
-35.62756,-36.719784,0
-25.81784,5.9873996,1
23.174484,-25.63153,2
30.794493,5.044692,3
-47.545876,-0.22697097,4
18.167782,31.718538,5
11.184296,-53.127155,6
-17.497288,35.681,7
0.62589836,-1.1484894,8
41.55764,25.641476,9
-40.29339,-45.12908,0
40.665897,22.160284,9
22.979431,40.87647,5
16.993792,31.955736,5
10.685367,-53.14395,6
20.567327,40.80786,5
-30.643396,-32.166676,0
41.650757,18.691921,9
-0.35748276,-3.5075336,8
40.63755,27.37186,9
1.1594142,-4.9992833,8
-46.916523,1.3429202,4
-14.516968,-11.3066025,1
-21.372503,33.0958,7
-16.866535,37.232,7
30.789745,8.524338,3
17.581192,32.746975,5
-14.454496,-9.971661,1
-34.250942,-36.49095,0
-33.913605,-36.22944,0
22.261822,-28.630774,2
21.537472,-28.671854,2
-17.694967,35.784462,7
2.1959183,-2.8942938,8
23.49856,-33.830704,2
-46.26398,-36.31957,0
-20.757957,2.749053,1
22.372025,-29.319113,2
1.0342815,-45.980476,6
21.218657,7.7328277,3
26.102955,11.696219,3
-14.863966,41.442196,7
29.174652,12.501895,3
31.56679,9.129315,3
-46.86082,0.9065534,4
0.9427763,-46.300175,6
1.3277084,-46.94659,6
1.4313028,-45.737427,6
-47.849987,3.6871228,4
47.555485,15.655502,9
-12.940216,-8.854392,1
20.097559,30.662973,5
-39.204144,-33.12331,0
40.74305,20.828314,9
-6.5369096,-45.83236,5
29.154781,-23.773046,2
4.5957313,-4.3245187,8
20.791801,-27.448708,2
-42.964153,-35.941967,0
-34.921745,-37.416157,0
-20.494322,1.4650377,1
-14.363861,40.901672,7
4.0281773,-46.19678,6
30.112675,8.237852,3
24.22816,-30.724117,2
-15.012263,-7.9580297,1
-20.122864,42.563343,7
-48.260426,3.7146983,4
11.219144,-53.09139,6
19.686878,10.599623,3
-14.687582,-9.357315,1
30.456669,6.832388,3
45.436695,19.576134,9
-13.6507435,-10.822938,1
-21.971537,34.96231,7
4.4101267,-46.769394,6
-1.2604585,-1.8219646,8
-46.901676,0.7158731,4
26.94152,11.329041,3
-12.354262,-12.169392,1
-43.74478,9.517252,4
-35.065247,-36.022717,0
14.417479,31.882963,5
30.244156,10.242016,3
5.5736246,-45.73722,6
39.800537,25.031805,9
9.1157,-53.287685,6
-13.03496,-12.704267,1
-18.899643,44.403393,7
14.751676,32.76929,5
-44.74875,2.8892634,4
-44.63595,3.077211,4
-26.092052,31.200783,7
22.198158,-30.084948,2
-0.71920604,-2.7768936,8
24.302473,-29.31542,2
23.198725,-30.623877,2
20.252588,30.199759,5
-16.29835,37.939682,7
39.700737,25.185226,9
20.801615,41.93345,5
-44.011368,3.3564909,4
0.93901455,-4.3900533,8
2.8114753,-2.3319514,8
-48.127373,3.7195556,4
35.08196,21.808529,9
-30.798279,-32.14458,0
-0.43737358,-0.69884986,8
-42.07772,-39.444256,0
-19.3755,6.404926,1
33.09989,-24.595652,2
28.70937,1.5997401,3
-52.450436,11.600745,4
25.160381,38.703854,5
-4.744213,-53.928387,6
-20.882673,28.927372,7
12.097127,2.8028271,8
41.24851,23.526764,9
-35.2611,-40.380276,0
-20.199633,7.100939,1
36.574768,-24.435387,2
30.916388,3.5358684,3
-51.07251,8.207254,4
26.691856,34.43337,5
-4.9962606,-54.44776,6
-21.772814,28.216356,7
12.285558,2.4600317,8
38.305046,21.7306,9
-39.815964,-36.579865,0
-21.318233,5.1425724,1
37.68701,-22.409029,2
26.605484,4.0499187,3
-50.40866,9.863892,4
26.827694,30.005804,5
-4.7164826,-55.40795,6
-21.051874,28.446367,7
13.224559,2.0968077,8
41.73877,23.498356,9
-36.373497,-40.16986,0
43.19514,23.462273,9
26.649672,34.665184,5
25.034466,40.11512,5
-5.353386,-47.263607,6
26.546385,34.13993,5
-37.327183,-39.7344,0
38.705017,22.076353,9
8.97917,3.9962344,8
43.164986,23.57163,9
9.846363,3.6251912,8
-47.663082,7.8554125,4
-22.802727,7.4739485,1
-20.43333,31.878796,7
-19.621973,33.437267,7
25.349312,6.2479553,3
28.310766,37.12605,5
-22.56177,7.857446,1
-38.166046,-38.91661,0
-38.152824,-38.888638,0
38.15636,-23.70249,2
33.017807,-24.618582,2
-24.778797,22.687578,7
11.088259,7.2696824,8
38.412476,-23.00074,2
-40.412724,-45.055798,0
-20.293213,7.7529426,1
35.613277,-24.28871,2
-4.3159766,-54.04635,6
29.3092,3.8270512,3
31.810068,6.879711,3
-21.104284,29.51273,7
31.151112,4.009543,3
32.001717,5.1975365,3
-51.546467,8.457559,4
-3.2906044,-54.568485,6
-2.373652,-58.344543,6
-2.369659,-52.55155,6
-49.18237,8.956293,4
46.2409,21.612762,9
-20.580658,7.93544,1
26.735983,33.596893,5
-39.614536,-44.27216,0
44.01847,24.792757,9
27.667082,39.235275,5
36.558228,-23.401129,2
11.014642,4.6988897,8
37.117374,-23.256868,2
-39.96173,-45.257587,0
-38.78244,-38.49059,0
-20.99432,8.625426,1
-21.301752,32.546844,7
-4.970114,-53.429718,6
28.649963,5.9095488,3
39.212654,-21.44338,2
-19.28041,6.578644,1
-20.548082,33.940983,7
-49.969044,7.835152,4
-3.3359587,-52.94643,6
27.435822,7.4975314,3
-21.36991,5.261696,1
25.017801,5.781222,3
38.94583,22.08876,9
-21.714844,7.5176334,1
-20.678644,31.958334,7
-2.1830266,-51.289513,6
10.258067,4.6632166,8
-50.721333,9.870946,4
31.64725,7.568012,3
-22.246227,8.05337,1
-49.949364,9.999464,4
-36.989216,-40.06122,0
28.36079,37.124573,5
27.775007,5.8871694,3
-2.3816087,-51.53661,6
44.21516,24.34367,9
1.8697742,-49.39859,6
-20.329552,8.513237,1
-20.184612,28.200047,7
31.232399,33.35724,5
-50.264137,8.307115,4
-49.807472,13.627063,4
-21.647213,28.944073,7
36.522957,-22.553951,2
9.992371,6.212047,8
27.919477,-22.663925,2
35.534813,-24.24785,2
27.441137,38.507645,5
-20.454113,28.404863,7
42.043,22.064648,9
22.652006,38.46076,5
-50.776836,8.899617,4
9.388004,6.087466,8
8.83926,5.5767837,8
-48.635296,7.486428,4
37.270756,22.420918,9
-42.613945,-37.192444,0
9.763438,6.420389,8
37.65857,22.385834,9
8.49669,5.0053086,8
-33.5165,-35.55034,0
-15.152905,-12.255386,1
28.425888,-27.898102,2
20.9735,8.80976,3
-45.374844,13.252008,4
7.7308183,35.89279,5
6.1623735,-44.5639,6
-14.444495,46.032078,7
-15.637243,-2.6741278,8
-23.991533,12.121958,9
-33.00852,-36.05942,0
-10.67185,-14.39866,1
25.613916,-25.98384,2
23.630281,12.145313,3
-44.860813,13.79279,4
7.540538,35.008167,5
4.7707386,-43.67841,6
-22.903074,15.559586,9
-34.369324,-32.909225,0
-10.447017,-15.133953,1
26.132738,-26.266918,2
19.51314,10.339003,3
-48.215435,14.423086,4
8.551632,33.70339,5
2.5671968,-40.2697,6
-13.643489,44.271786,7
-5.1533856,0.67472196,8
-28.566864,21.646627,9
-29.234764,-32.44829,0
-23.494349,15.530698,9
6.640636,32.629147,5
6.0242553,45.14732,5
2.4656317,-45.241234,6
7.302644,35.709778,5
-36.502754,-36.34841,0
-12.982573,18.789507,9
0.80443156,-11.82059,8
6.468713,32.37576,9
2.4407878,-11.145522,8
-46.509727,11.349949,4
-15.500181,-10.06104,1
-18.665642,40.857563,7
-16.702572,45.512733,7
13.961196,15.739836,3
5.670611,42.901558,5
-13.891481,-12.574381,1
-29.521023,-32.840927,0
-43.193836,-33.666946,0
20.523546,-27.201435,2
34.350395,-21.467113,2
-17.634785,46.68606,7
2.5994205,-1.9365551,8
21.34805,-27.782328,2
-29.788612,-37.08914,0
-11.275009,-15.023767,1
28.197409,-15.113017,2
4.82386,-44.87716,6
13.34936,14.245537,3
14.036788,16.004112,3
-16.963984,45.408985,7
12.180184,15.999889,3
-0.6006772,0.43747848,3
-48.021526,14.437075,4
3.6954992,-44.50103,6
3.0630007,-41.508602,6
4.1037836,-45.30785,6
-2.93962,10.513155,4
-22.98767,14.322765,9
-13.354621,-11.686242,1
7.976468,35.55114,5
-29.750278,-34.481632,0
46.647247,14.888094,9
14.79559,31.994362,5
21.727747,-40.98741,2
1.9133805,-10.232174,8
-41.712006,-43.4395,0
-14.19953,-11.923916,1
-16.906685,42.563034,7
4.7956014,-45.025177,6
18.95472,9.705826,3
35.233814,-19.706055,2
-16.02051,-11.099933,1
-18.719133,45.02308,7
-2.930994,10.557712,4
4.0995207,-42.955753,6
21.396496,9.013652,3
-16.048222,-10.317891,1
18.52708,8.722805,3
-11.672287,19.27262,9
-14.088566,-10.533488,1
-15.414173,46.25591,7
6.4870343,-52.009666,6
1.6912595,-11.393127,8
-47.08138,11.493497,4
20.998898,8.407134,3
-15.237655,-9.661426,1
-45.492805,12.866858,4
-31.954605,-34.013863,0
7.4250865,33.174114,5
21.720942,8.519276,3
3.0899005,-40.839493,6
45.962856,13.169346,9
0.15527387,-39.153316,6
-15.676106,-9.748323,1
-18.422108,38.230545,7
12.164703,38.535522,5
-44.924866,13.071583,4
-48.79038,14.531426,4
-18.069038,42.47439,7
26.754608,-24.156103,2
22.992342,-25.30893,2
7.604585,34.57953,5
5.273054,45.97324,7
20.178616,7.3117247,9
7.914869,33.584347,5
-2.7464807,10.305829,4
-46.24534,11.4719715,4
6.411285,32.549747,9
-39.34117,-33.132774,0
0.26892683,-9.674592,8
-12.128187,19.372805,9
0.75514036,-9.830551,8
-37.195873,-41.797867,0
-4.450055,-12.448574,1
31.796421,-23.928127,2
25.090942,3.1807368,3
-36.849613,3.7860358,4
22.882055,34.760006,5
-6.5624886,-50.31458,6
-14.669179,39.12753,7
8.342479,-7.2030787,8
44.77145,22.525314,9
-34.38258,-39.606133,0
-6.878863,-10.666811,1
24.410038,-18.60536,2
12.383054,14.247705,3
-45.37308,8.316935,4
21.504877,34.163258,5
-3.9187205,-50.5673,6
-25.712627,33.604225,7
-0.8977336,4.539617,8
40.802998,20.363422,9
-35.41593,-43.834515,0
-6.250661,-13.091466,1
23.95788,-18.814192,2
15.389826,20.926596,3
-44.57156,7.8834825,4
21.654911,33.455566,5
-6.1147275,-50.444927,6
-14.988348,39.03916,7
7.893155,-7.2026935,8
45.57497,15.658541,9
-42.25281,-36.0249,0
40.547287,19.393055,9
20.477924,34.25345,5
19.808119,36.26282,5
-5.693647,-51.250916,6
20.56716,41.487183,5
-35.59929,-29.734932,0
38.381397,20.5476,9
8.50311,-4.238355,8
38.96753,20.90197,9
-0.56979924,4.5422797,8
-26.648947,19.074419,4
-4.599165,-11.783775,1
-17.732342,28.33816,7
-26.097279,30.319996,7
9.8725,16.382223,3
21.719118,34.40914,5
-7.4371047,-9.6518,1
-37.752613,-45.06033,0
-41.558994,-35.09308,0
34.340687,-26.453007,2
38.709953,-22.32209,2
-22.078005,40.72997,7
1.466858,4.213793,8
39.08953,-21.052168,2
-33.692085,-29.90301,0
-5.363483,-13.571361,1
36.4139,-25.265715,2
-3.8666518,-49.80552,6
11.056687,13.659465,3
10.888054,13.60246,3
-24.398638,41.082245,7
26.592115,19.331358,3
11.582934,14.3102045,3
-36.97957,13.93324,4
-2.407276,-39.42435,6
-5.369087,-51.582706,6
-0.38123995,-59.256443,6
-51.238453,0.19869861,4
42.771683,20.981457,9
-5.9964337,-8.427561,1
22.721195,35.439445,5
-36.807404,-42.234474,0
41.10471,19.623978,9
21.868992,33.424824,5
39.33619,-24.135258,2
5.910952,-7.032674,8
29.409119,-15.982368,2
-41.637318,-36.769573,0
-35.7281,-43.812763,0
-4.4909296,-9.363094,1
-22.920902,42.404953,7
-2.2713003,-40.87928,6
11.015998,14.363958,3
25.0997,-19.916931,2
-10.358596,-5.5015016,1
-23.028347,41.395824,7
-51.240086,0.21054053,4
-0.46984646,-41.886925,6
21.43885,11.887631,3
-6.766554,-7.6237955,1
26.4974,7.734101,3
42.33855,20.081608,9
-6.376598,-11.908454,1
-18.75251,37.161625,7
-3.08182,-41.959415,6
-3.6324723,-4.4904327,8
-46.63383,3.4419973,4
15.339534,21.015327,3
-4.8391385,-9.478583,1
-41.213314,5.6851945,4
-29.549496,-37.441067,0
24.113289,34.97826,5
19.946503,13.452856,3
1.1743618,-40.92498,6
41.8538,20.953947,9
-3.8964212,-51.728836,6
-5.1411734,-9.022119,1
-16.206478,41.165024,7
23.214706,33.386845,5
-41.688248,4.4908876,4
-51.44561,0.8667387,4
-23.714067,32.30148,7
38.477734,-23.823832,2
6.841085,-8.279444,8
32.25719,-24.931229,2
32.71648,-26.312523,2
21.358095,33.06116,5
-18.762934,42.673363,7
40.936565,14.201338,9
23.810253,34.174965,5
-45.371746,4.3709197,4
-4.7645535,-4.713026,8
-5.389549,-5.196007,8
-46.282936,5.6482625,4
40.53973,18.888206,9
-35.542316,-30.582294,0
1.1358669,-7.1841216,8
40.788067,16.706816,9
6.9449944,-8.384563,8
